backend,container_count,total_cpu_avg,peak_cpu,total_memory_avg_mb,total_memory_peak_mb,peak_container_memory_mb
clickhouse,11,169.69428571428574,183.62,1923.7892571428572,2496.812,1339.392
druid,17,149.4245714285714,101.12,5281.331028571428,5443.456000000001,2046.976
materialize,11,109.36914285714286,141.18,2054.3176,2255.344,1106.944
pinot,14,138.45805555555557,116.74,5144.5929444444455,5314.718000000001,1499.136
